id,ast,blk,dreb,fg3_pct,fg3a,fg3m,fg_pct,fga,fgm,ft_pct,fta,ftm,game_id,min,oreb,pf,player_id,pts,reb,stl,team_id,turnover
13934282,6,0,6,0.0,1,0,0.54545456,11,6,0.5,4,2,1037598,28,2,4,17896062,14,8,0,11,1
13968302,4,0,6,1.0,1,1,0.75,12,9,0.0,1,0,1037654,27,1,1,17896062,19,7,1,11,1
13944440,7,1,8,0.33333334,3,1,0.6111111,18,11,0.33333334,6,2,1037615,41,6,6,17896062,25,14,2,11,6
13955787,7,0,1,0.5,2,1,0.46666667,15,7,1.0,4,4,1037628,33,4,3,17896062,19,5,0,11,0
13934282,6,0,6,0.0,1,0,0.54545456,11,6,0.5,4,2,1037598,28,2,4,17896062,14,8,0,11,1
13968302,4,0,6,1.0,1,1,0.75,12,9,0.0,1,0,1037654,27,1,1,17896062,19,7,1,11,1
13944440,7,1,8,0.33333334,3,1,0.6111111,18,11,0.33333334,6,2,1037615,41,6,6,17896062,25,14,2,11,6
13955787,7,0,1,0.5,2,1,0.46666667,15,7,1.0,4,4,1037628,33,4,3,17896062,19,5,0,11,0
